music,160161-ballet.png
music,515_dance_classes.png
music,270_cello.png
music,152_music.png
music,2749_musical.png
music,1054_music_disc.png
music,160819-music.png
music,161588-music.png
music,160117-brass-band.png
music,1235_music.png
music,2077_guitar.png
music,1434_music.png
music,5887_musical_scores.png
music,160966-turntables.png
music,559_piano_music.png
music,111_equalize.png
music,2066_musician.png
music,2100_radio.png
music,2550_online_radio.png
music,160861-music.png
music,954_violin.png
music,160116-rchestra.png
music,2835_music.png
music,456_song.png
music,215_live-concert.png
music,997_music.png
music,161_sheet-music.png
music,350_colorful_equalizer.png
music,593_melody_powerpoint.png
music,2281_music_equipment.png
music,160967-mixer.png
music,160158-music.png
transportation,358_car.png
transportation,2047_airline.png
transportation,160990-road.png
transportation,809_craft.png
transportation,160142-metro.png
transportation,1962_dakar.png
transportation,1445_f1.png
transportation,028_Truck.png
transportation,1287_car.png
transportation,1468_boat.png
transportation,1614_pirate.png
transportation,914_last_minute_travel.png
transportation,160948-tanker.png
transportation,160219-submarine.png
transportation,2151_taxi.png
transportation,2916_airplane.png
transportation,2687_construction.png
transportation,160259-cargo.png
transportation,160441-travel.png
transportation,160347-train.png
transportation,160479-truck.png
transportation,1335_bus.png
transportation,1963_sailor.png
transportation,655_road_powerpoint.png
transportation,2935_aviation.png
transportation,2010_inventions.png
transportation,160430-boats.png
transportation,2549_articulated_truck.png
transportation,2787_car_speed.png
transportation,496_war_sh.png
transportation,553_traffic_lights.png
transportation,2249_donate_car_california.png
transportation,160405-truck.png
transportation,107_sh.png
transportation,2773_toy_train.png
transportation,2299_zeppelin.png
transportation,160658-wing.png
transportation,1810_helicopter_.png
transportation,1643_metro.png
transportation,5854_aircraft.png
transportation,1423_seaport.png
transportation,160294-transport.png
transportation,848_flight.png
transportation,1961_air_force.png
transportation,160262-truck.png
transportation,1277_tires.png
transportation,906_airplane_flying_games.png
transportation,1525_maritime.png
transportation,1376_car.png
transportation,2836_sportscar.png
transportation,160877-yacht.png
transportation,225_hot-car_powerpoint.png
transportation,160963-metro.png
transportation,2001_travel.png
transportation,2233_car_donation.png
transportation,2920_truck.png
transportation,1977_preschool.png
transportation,160751-transport.png
transportation,232_anciest-ship.png
transportation,160364-travel.png
transportation,160261-logistics.png
transportation,2559_gas_truck.png
transportation,960_maritime.png
transportation,5842_highway-powerpoint-template.png
transportation,160968-plane.png
transportation,176_suburbs_powerpoint.png
transportation,160130-traffic-jam.png
transportation,160445-road.png
transportation,5895-yacht-ppt.png
transportation,1645_porsche.png
transportation,2345_donate_car.png
transportation,1479_flight.png
transportation,568_cruise.png
transportation,2128_aircraft.png
transportation,1214_car.png
transportation,961_traffic_light.png
transportation,5884_heavy_truck.png
transportation,1045_bus.png
transportation,1255_paper.png
transportation,5896_cruise.png
transportation,1078_car.png
transportation,160115-segway.png
transportation,622_logistics_powerpoint_.png
transportation,160883-car.png
transportation,160062-planes.png
transportation,1475_transport.png
transportation,160806-trucking.png
transportation,160639-plane.png
transportation,1099_auto_repair.png
transportation,2599_donate_car.png
astronomy,897_telescope.png
astronomy,1976_mobile.png
astronomy,732_fashion_stars.png
astronomy,489_youth.png
astronomy,1819_influence.png
astronomy,592_star_coach.png
astronomy,2557_moonlight.png
astronomy,160460-milky-way.png
astronomy,123_pink-star_template.png
astronomy,243_royal_stars.png
astronomy,165_sky-blue-stars.png
astronomy,1040_astronomy.png
astronomy,166_blue-stars.png
astronomy,930_eclipse.png
astronomy,1552_stars.png
astronomy,587_free_horoscope.png
astronomy,160933-meteor-shower.png
astronomy,1448_stars.png
astronomy,018_stars_in_sky.png
astronomy,831_blue_stars.png
astronomy,160561-galaxy.png
astronomy,1297_satellite.png
astronomy,2095_gold.png
astronomy,390_super_stars.png
astronomy,488_jupiter.png
astronomy,2566_fantasy.png
technology,161652-computer.png
technology,160459-notebook.png
technology,1851_gadget.png
technology,160630-earth.png
technology,1013_tech.png
technology,160180-computers.png
technology,2346_professional_it.png
technology,160683-transmission.png
technology,1083_tech_green.png
technology,1535_technology.png
technology,1983_nfc.png
technology,160627-charts.png
technology,2588_twitter.png
technology,160104-structure.png
technology,160896-industry.png
technology,160699-connect.png
technology,160825-business.png
technology,594_computer.png
technology,986_pendrive.png
technology,1490_software.png
technology,160471-virus.png
technology,160356-virtual.png
technology,2933_computers_sale.png
technology,1096_notebook.png
technology,1208_digital.png
technology,160277-science.png
technology,2668_technology.png
technology,407_worldwide_communications.png
technology,161080-iphone.png
technology,160330-security.png
technology,160408-mills.png
technology,160377-rocket.png
technology,161000-computer.png
technology,2788_mobile_device.png
technology,160914-analytics.png
technology,161653-security.png
technology,161722-industry.png
technology,160784-computer.png
technology,3018-computer-technology-woman-powerpoint-template.png
technology,1900_information.png
technology,160923-house.png
technology,160978-background-dack.png
technology,160728-graphic.png
technology,1413_chip.png
technology,160127-installers.png
technology,2180_touchscreen.png
technology,160333-choice.png
technology,160622-network.png
technology,160645-seo.png
technology,160989-seo.png
technology,160985-computer.png
technology,613_ipod_powerpoint.png
technology,160621-network.png
technology,1796_information.png
technology,1385_it.png
technology,803_live_meeting.png
technology,160638-videogames.png
technology,387_cellphone.png
technology,805_conference_call.png
technology,160266-cloud.png
technology,160899-electricity.png
technology,160516-space.png
technology,2597_biotechnology.png
technology,04-windows8-home-wireframe-template.png
technology,1540_computer.png
technology,160871-computer.png
technology,160008-electronics.png
technology,161041-tools.png
technology,160350-globalization.png
technology,160394-microphone.png
technology,161663-online.png
technology,160814-intelligence.png
technology,2228_radio.png
technology,161634-robot.png
technology,160748-bitcoin.png
technology,1860_navigation.png
technology,643_technology_bits.png
technology,813_technology.png
technology,160126-laptop.png
technology,160370-phone.png
technology,160138-smartphone.png
technology,819_web_conferencing.png
technology,1863_space.png
technology,2716_cyberspace.png
technology,2088_indoor.png
technology,2263_wires_cables.png
technology,160788-connect.png
technology,161662-seminar.png
technology,160309-earth.png
technology,2479_shapes_tech.png
technology,160971-computer.png
technology,160930-artificial-intelligence.png
technology,160700-robots.png
technology,160235-chart.png
technology,2112_stopwatch.png
technology,2725_mail.png
technology,2275_printer.png
technology,160276-energy.png
technology,2208_cctv_camera.png
technology,160916-symbols.png
technology,160495-artificial-intelligence.png
technology,1303_software.png
technology,1619_it.png
technology,867_repair.png
technology,160292-online.png
technology,1480_satellite.png
technology,161561-network.png
technology,161547-surveillance.png
technology,876_email.png
technology,1596_twitter.png
technology,160400-stars.png
technology,160685-car.png
technology,2917_internet.png
technology,160997-technology.png
technology,160927-matrix.png
technology,03-windows8-wireframe-template.png
technology,160579-connect.png
technology,160093-tablet.png
technology,605_mobile_powerpoint.png
technology,173_matrix.png
technology,1205_smartphone.png
technology,2948_mobile.png
technology,1512_electronic.png
technology,2085_arrow.png
technology,1892_web.png
technology,1930_privilege.png
technology,161024-solar.png
technology,644_green_technology.png
technology,1575_technology.png
technology,160924-smart-house.png
technology,160155-windmills.png
technology,039_mouse.png
technology,160332-digital-world.png
technology,2093_remote.png
technology,2065_camera.png
technology,160365-drilling.png
technology,160193-virtual.png
technology,944_digital.png
technology,1089_avatar.png
technology,1964_microch.png
technology,160418-global.png
technology,1212_binary.png
technology,1480_satellite_ppt (1).png
technology,161085-solar.png
technology,160912-internet.png
technology,01-iphone-wireframe-template.png
technology,160143-computer.png
technology,160996-technology.png
technology,02-iphone-dialogbox-wireframe-template.png
technology,1266_antenna.png
technology,160813-technology.png
technology,1082_tech_scarlet.png
technology,1084_tech_blue.png
technology,160848-system.png
technology,1345_3d.png
technology,1926_software.png
technology,160162-sphere.png
technology,160934-network.png
technology,1071_data.png
technology,955_computer.png
technology,1386_software.png
technology,160897-technology.png
technology,2435_globe_tech.png
technology,160599-energy.png
technology,160026-blue.png
technology,160451-security.png
technology,160736-strategy.png
technology,160525-solar.png
technology,161707-robot.png
technology,2262_memory_card.png
technology,1085_ubiquity.png
technology,160557-computer.png
technology,1421_keyboard_.png
technology,1688_fiber.png
technology,160281-drone.png
technology,161017-zoom.png
technology,1061_phone.png
technology,2153_blur.png
technology,161311-phone.png
technology,160979-technology.png
technology,984_internet_research.png
technology,160807-virtual.png
technology,1921_mobility.png
technology,160790-earth.png
technology,943_technology.png
technology,160515-astronaut.png
technology,160828-website.png
technology,2572_global_software.png
technology,734_circuit.png
technology,160808-computer.png
technology,161708-camera.png
technology,1742_network.png
technology,1784_linux.png
technology,160437-plane.png
technology,160512-3Dprint.png
technology,160472-cybercrime.png
technology,595_laptop_powerpoint.png
technology,2254_technology.png
technology,701_com_antenna.png
technology,160734-notebook.png
technology,3070-hockey-stick-template.png
technology,161775-computer-reality.png
technology,161098-network.png
technology,161317-robot.png
technology,160762-applications.png
technology,3071-keyboard-ppt-template.png
technology,2348_green_hi_tech.png
technology,160682-laboratory.png
technology,161725-communication.png
technology,160371-android.png
technology,674_digital.png
technology,160731-smartphone.png
technology,2448_naive_dark.png
technology,161553-dron.png
technology,160552-robot.png
technology,160496-intelligence.png
technology,160136-phone-application.png
technology,2682_mobile_apps.png
technology,160278-technology.png
technology,981_usb.png
technology,160098-bussines.png
technology,160422-type.png
technology,2292_next_gen.png
technology,161774-technology.png
art,161078-decoration.png
art,160725-liquid.png
art,160787-designer.png
art,160635-balet.png
art,161035-art.png
art,160590-new-year.png
art,161113-color.png
art,161003-artistic.png
art,160634-paint.png
art,160888-tree.png
art,160615-decoration.png
art,160796-draw.png
art,160753-plan.png
art,161077-gifts.png
art,160798-photo.png
art,160585-gift.png
art,161100-double-exposure.png
art,160576-graffiti.png
education,161639-strategy.png
education,161738-shakespeare.png
education,161736-leonardo-da-vinci.png
education,161720-books.png
education,161081-children.png
education,160653-graduate.png
education,161439-book.png
education,160921-lecture.png
education,002_radiactive.png
education,160864-education.png
education,160812-graduates.png
education,312_cosmic_conection.png
education,160744-education.png
education,161281-education.png
education,161055-success.png
education,160919-school.png
education,161173-pencils.png
education,160932-laboratory.png
education,160171-science.png
education,3064-plot-diagram-16x9.png
education,161107-library.png
education,160263-chart.png
education,161013-microscope.png
education,161025-student.png
education,313_virtual_galaxy.png
education,161732-hamlet.png
education,160757-school.png
education,161012-analyzes.png
education,2331_science_lessons.png
education,161064-maths.png
education,1380_scientific.png
education,160793-water.png
education,619_atom_powerpoint.png
education,161023-library.png
education,2463_brain.png
education,160929-graphic.png
education,160052-genetics.png
education,161729-plato.png
education,160719-mathematics.png
education,2598_science_project.png
education,310_sphere_mesh.png
nature,160821-leaf.png
nature,160388-dog.png
nature,3010_africa.png
nature,497_butterflie.png
nature,160530-flowers.png
nature,160072-combine.png
nature,2202_red_leaf.png
nature,160435-rain.png
nature,160427-dandelion.png
nature,160837-spermatozoa.png
nature,2453_global_environmental.png
nature,160925-project.png
nature,160358-fauna.png
nature,843_rainbow.png
nature,2826_springtime.png
nature,2825_nectar_bee.png
nature,055_match.png
nature,160209-giraffe.png
nature,160518-cat.png
nature,5878_horse.png
nature,160123-iguana.png
nature,160851-glacier.png
nature,160901-leaf.png
nature,2705_octopus.png
nature,160565-ascent.png
nature,160500-fields.png
nature,103_butterfly.png
nature,160502-shark.png
nature,160074-fish.png
nature,1668_rainwater.png
nature,160380-lilac.png
nature,1728_aquatic.png
nature,1261_life.png
nature,160488-petals.png
nature,498_coffe.png
nature,3059-green-ppt-template.png
nature,5850_cat_eyes.png
nature,2235_sustainability.png
nature,161075-old-tree.png
nature,160274-hare.png
nature,160873-greenhouse.png
nature,160954-typhoon.png
nature,160894-furrows.png
nature,161020-sheeps.png
nature,161655-sunrise.png
nature,2824_domestic_cats.png
nature,5860_sheeps.png
nature,161762-isaac-newton.png
nature,160092-deer.png
nature,160494-lamb.png
nature,2608_butterfly.png
nature,160503-chops.png
nature,2666_autumn.png
nature,3005_green_nature.png
nature,328_amazing_butterflies.png
nature,2940_fishbowl.png
nature,1327_butterflies.png
nature,160406-leaf.png
nature,525_violet_butterfly.png
nature,2963_wind_turbine.png
nature,2205_earth_hour.png
nature,1258_water.png
nature,2833_golden_retriever.png
nature,5876_golden_retriever.png
nature,707_green_butterflies.png
nature,2685_llama.png
nature,160467-iceberg.png
nature,2234_co2.png
nature,160993-autumn.png
nature,2780_bull.png
nature,1508_bonfire.png
nature,160595-cows.png
nature,2310_paperboard_recycling.png
nature,160357-coffee.png
nature,160594-hens.png
nature,160960-winter.png
nature,160440-water.png
nature,3056-mosquito-ppt.png
nature,160111-snake.png
nature,160973-fields.png
nature,160540-dog.png
nature,160120-dolphins.png
nature,2260_butterflies_species.png
nature,161549-green.png
nature,2919_enviroment.png
nature,2253_forestry.png
nature,160114-hare.png
nature,2746_fierce_eagle.png
nature,160389-flamingo.png
nature,160391-fishes.png
nature,160282-cat.png
nature,160198-hunting.png
nature,160207-bouquet.png
nature,160895-caws.png
nature,160416-colibri.png
nature,160528-florist.png
nature,161038-agriculture.png
nature,2408_wind_energy.png
nature,160407-country.png
nature,161240-horse.png
nature,160713-night.png
nature,160972-harvest.png
nature,161740-archimedes.png
nature,160938-catastrophe.png
nature,3050-water-ppt-template.png
nature,2710_green_education.png
nature,160961-dog.png
nature,160390-dolphin.png
nature,160321-horse.png
nature,2664_eco_bulb.png
nature,2969_solar_energy.png
nature,2300_eco.png
nature,5865_butterfly.png
nature,1343_ideas.png
nature,1849_drops.png
nature,160013-horse.png
nature,160043-owl.png
nature,2782_andean_animal.png
nature,160651-chamomile.png
nature,5862__seaworld.png
nature,839_green_leaves.png
nature,160598-sparrows.png
nature,444_sweet_butterflies.png
nature,161039-harvest.png
nature,2137_leaves.png
nature,1101_fringe.png
nature,160438-ducklings.png
nature,160173-vet.png
nature,2706_pig.png
nature,2910_cat.png
nature,160671-cactus.png
nature,2230_eco_packaging.png
nature,3013_adopt_dog.png
nature,2169_green_tree.png
nature,160456-water.png
nature,676_turkey_powerpoint.png
nature,160050-butterfly.png
nature,1850_natural_science.png
nature,160604-tourism.png
nature,160317-bird.png
nature,160810-depth.png
nature,2443_waste_management.png
nature,2184_leaves.png
nature,2704_dolphin.png
nature,160040-ducklings.png
nature,2838_equine.png
nature,2703_sea_whale.png
nature,160089-fire-truck.png
nature,160223-bouquet.png
nature,160310-chamomile.png
nature,2210_fire_flame.png
sports,160605-climber.png
sports,161477-bike.png
sports,160242-gym.png
sports,160843-climing.png
sports,160275-competition.png
sports,160636-gym.png
sports,161015-gymnastics.png
sports,160918-riders.png
sports,160228-photo.png
sports,160028-balloons.png
sports,160887-golf.png
sports,160886-golf.png
sports,161548-bike(1).png
sports,160004-jogging-template-0001.png
sports,160917-fitness.png
sports,160846-stadium.png
sports,160149-cycle-racing.png
sports,160170-golf.png
sports,161019-tennis.png
sports,160548-jogging.png
sports,160977-fitness.png
sports,161004-fitness.png
sports,160984-football.png
sports,160153-sailing.png
sports,160483-gym.png
sports,160940-swimming-pool.png
sports,160884-sportcar.png
sports,160037-tennis.png
sports,160614-tennis.png
sports,160169-kick.png
sports,160983-compitition.png
sports,160191-player.png
sports,160493-run.png
sports,160588-boating.png
sports,160885-golf.png
sports,160152-stadium.png
sports,160478-sport.png
sports,160168-soccer(1).png
sports,160609-runner.png
sports,160941-sprinter.png
sports,160942-surfing.png
sports,160039-soccer-scheme.png
sports,160826-races.png
sports,160165-cyclist.png
sports,161548-bike.png
sports,160409-bicycle.png
sports,160168-soccer.png
sports,160485-gym.png
sports,160179-rollers.png
sports,160288-basketball.png
sports,161567-fitness.png
sports,3012-ski-sport-powerpoint-template.png
sports,160640-golf.png
sports,160612-fitness.png
sports,160830-runner.png
sports,160167-lift.png
sports,160484-gym.png
sports,160655-race.png
sports,160818-fitness.png
sports,160172-jumping.png
sports,160717-swim.png
history,624_quixote_sancho_panza.png
history,160412-pyramid.png
history,2996_history.png
history,160755-learn.png
history,2765_ancient.png
history,160686-read.png
history,1649_mythology.png
history,161508-knights.png
history,3064-architecture-ppt-template.png
history,3062-quote-slides.png
games,160424-gambling.png
games,160858-team.png
games,160564-video-games.png
games,160752-rivalry.png
games,160869-dice.png
games,160760-chess.png
games,160637-players.png
games,160501-gymnast.png
games,160870-pokemon.png
engineering,160629-architecture.png
engineering,160935-architecture.png
engineering,2947_construction.png
engineering,160573-project.png
engineering,160134-installer.png
engineering,336_mecanic_gear.png
engineering,2939_planning.png
engineering,160820-modern.png
engineering,311_globe_gear.png
engineering,3029-engineering-powerpoint-template.png
engineering,1364_construction.png
engineering,160949-forklift.png
engineering,160904-architecture.png
engineering,161067-constraction.png
engineering,160710-construction.png
engineering,160094-excavator.png
engineering,160283-hook.png
engineering,309_squads_engineering.png
engineering,160306-drone.png
engineering,160410-arch.png
engineering,160556-architecture.png
engineering,160845-worker.png
engineering,160947-house.png
engineering,556_engineer.png
engineering,160628-architecture.png
engineering,558_engineering_plans.png
engineering,2400_engineering_services.png
engineering,1573_architect.png
engineering,160252-gear.png
engineering,194_civil-engineering.png
engineering,161536-industry.png
engineering,160619-architecture.png
engineering,160346-building.png
engineering,2912_building_plans.png
engineering,160087-draft.png
engineering,160205-tunnel.png
engineering,956_math.png
engineering,160815-combine-harvester.png
engineering,160709-construction.png
engineering,160019-girl-builder.png
engineering,5892_skyscrapers.png
engineering,160473-architecture.png
engineering,124_engineering.png
engineering,160664-construction.png
engineering,160258-tools.png
engineering,160872-industry.png
engineering,161486-building.png
engineering,160874-skyscraper.png
engineering,1207_services.png
engineering,160903-architecture.png
engineering,160816-building.png
engineering,160324-project.png
engineering,160945-oil.png
engineering,160345-industry.png
engineering,379_mechanical_engineering.png
engineering,160287-grain.png
engineering,160665-construction.png
engineering,2591_metal.png
engineering,160648-builder.png
engineering,160284-plan.png
engineering,160113-road-workers.png
